{
  "total-play-time-ms": 105304475,
  "username": "Quiet",
  "password": "Penis2113!!!",
  "email": "null",
  "staff-rights": "DEVELOPER",
  "game-mode": "NORMAL",
  "loyalty-title": "NONE",
  "yellhexcolor": "ffffff",
  "position": {
    "x": 2078,
    "y": 4454,
    "z": 0
  },
  "online-status": "ON",
  "given-starter": true,
  "has-pin2": false,
  "donated": 975,
  "current-boss-task": 0,
  "current-boss-amount": 0,
  "global-rate": 0,
  "peng-rate": 0,
  "slayer-rate": 0,
  "has-completed-boss-task": false,
  "current-daily-task-amount": 0,
  "current-daily-task-x-pos": 0,
  "current-daily-task-y-pos": 0,
  "current-daily-task-z-pos": 0,
  "current-daily-task-reward": 0,
  "uim-bank": {},
  "dg-floor": 4,
  "dg-prestige": 0,
  "clue-task": "NO_TASK",
  "clue-kc": 0,
  "daysVoted": 0,
  "totalTimesClaimed": 0,
  "longestDaysVoted": 0,
  "timeUntilNextReward": 0,
  "current-voting-streak": 0,
  "entriesCurrency": 0.0,
  "amount-donated-today": 975,
  "claimed-first": false,
  "claimed-second": false,
  "claimed-third": false,
  "last-donation": 0,
  "last-time-reset": 0,
  "lastlogin": 1650678128505,
  "lastdailyclaim": 0,
  "lastvotetime": 0,
  "hasvotedtoday": false,
  "day1claimed": false,
  "day2claimed": false,
  "day3claimed": false,
  "day4claimed": false,
  "day5claimed": false,
  "day6claimed": false,
  "day7claimed": false,
  "minutes-bonus-exp": 0,
  "minutes-voting-dr": 0,
  "minutes-voting-dmg": 0,
  "total-gained-exp": 1056139031,
  "barrows-points": 0,
  "donator-points": 3635,
  "Skilling-points": 0,
  "prestige-points": 0,
  "achievement-points": 0,
  "dung-tokens": 0,
  "commendations": 0,
  "loyalty-points": 0,
  "total-loyalty-points": 0.0,
  "godmodetime": 0,
  "voting-points": 0,
  "tasks-completion": [
    false,
    true,
    false,
    false,
    false,
    false
  ],
  "tasks-progress": [
    216,
    0,
    0,
    0,
    0,
    0,
    0,
    0,
    0,
    0,
    0,
    0,
    0,
    0,
    0,
    0,
    0,
    0,
    0,
    0,
    0,
    0,
    0,
    0,
    0,
    0,
    0,
    0,
    0,
    0,
    0,
    0,
    0,
    0,
    0,
    0,
    0,
    0,
    0,
    0,
    0,
    0,
    0,
    0,
    0,
    0,
    0,
    0,
    0,
    0,
    0,
    0,
    0,
    0,
    0
  ],
  "total-prestiges": 0,
  "slayer-spree": 0,
  "npc-killcount": 214,
  "spawn-killcount": 0,
  "lord-killcount": 0,
  "demon-killcount": 0,
  "dragon-killcount": 0,
  "beast-killcount": 0,
  "king-killcount": 0,
  "avatar-killcount": 0,
  "angel-killcount": 0,
  "lucien-killcount": 0,
  "hercules-killcount": 0,
  "satan-killcount": 0,
  "zeus-killcount": 0,
  "mini-lucifer-killcount": 0,
  "lucifer-killcount": 0,
  "season-member": false,
  "season-tier": 0,
  "season-xp": 0,
  "event-points": 0,
  "boss-points": 0,
  "shilling-rate": 0,
  "slayer-points": 0,
  "pk-points": 0,
  "player-kills": 0,
  "player-killstreak": 0,
  "player-deaths": 0,
  "target-percentage": 0,
  "bh-rank": -1,
  "gender": "MALE",
  "spell-book": "NORMAL",
  "prayer-book": "NORMAL",
  "running": true,
  "run-energy": 100,
  "music": false,
  "sounds": false,
  "auto-retaliate": true,
  "xp-locked": false,
  "veng-cast": false,
  "last-veng": 1649711914378,
  "fight-type": "UNARMED_PUNCH",
  "sol-effect": -1,
  "skull-timer": 0,
  "accept-aid": false,
  "poison-damage": 0,
  "poison-immunity": 0,
  "overload-timer": 0,
  "double-dr-timer": 0,
  "double-ddr-timer": 0,
  "double-dmg-timer": 0,
  "fire-immunity": 0,
  "fire-damage-mod": 0,
  "prayer-renewal-timer": 0,
  "teleblock-timer": 0,
  "special-amount": 15000,
  "entered-gwd-room": false,
  "gwd-altar-delay": 0,
  "gwd-killcount": [
    0,
    0,
    0,
    0
  ],
  "effigy": 0,
  "summon-npc": -1,
  "summon-death": -1,
  "process-farming": false,
  "clanchat": "Quiet",
  "autocast": false,
  "autocast-spell": -1,
  "dfs-charges": 0,
  "coins-gambled": 0,
  "slayer-master": "BOSS_SLAYER",
  "slayer-task": "DARK_SUPREME",
  "prev-slayer-task": "NO_TASK",
  "task-amount": 48,
  "task-streak": 0,
  "duo-partner": "null",
  "double-slay-xp": false,
  "recoil-deg": 0,
  "blowpipe-deg": 0,
  "brawlers-deg": [
    0,
    0,
    0,
    0,
    0,
    0,
    0,
    0,
    0,
    0,
    0
  ],
  "ancient-deg": [
    0,
    0,
    0,
    0,
    0,
    0,
    0,
    0,
    0,
    0,
    0,
    0,
    0,
    0,
    0
  ],
  "killed-players": [],
  "killed-gods": [
    true,
    true,
    true,
    true,
    false
  ],
  "vod-brother": [
    [
      9029,
      0
    ],
    [
      9028,
      0
    ],
    [
      9030,
      0
    ]
  ],
  "vod-killcount": 0,
  "hov-killcount": 0,
  "barrows-brother": [
    [
      2030,
      0
    ],
    [
      2029,
      0
    ],
    [
      2028,
      0
    ],
    [
      2027,
      0
    ],
    [
      2026,
      0
    ],
    [
      2025,
      0
    ]
  ],
  "random-coffin": 0,
  "barrows-killcount": 0,
  "nomad": [
    false,
    false
  ],
  "recipe-for-disaster": [
    false,
    false,
    false,
    false,
    false,
    false,
    false,
    false,
    false
  ],
  "recipe-for-disaster-wave": 0,
  "clue-progress": 0,
  "dung-items-bound": [
    0,
    0,
    0,
    0,
    0
  ],
  "collection-data": [
    {
      "npcId": 9014,
      "item": 995,
      "amount": 2292667
    },
    {
      "npcId": 8349,
      "item": 592,
      "amount": 5
    },
    {
      "npcId": 8549,
      "item": 592,
      "amount": 6
    },
    {
      "npcId": 2000,
      "item": 532,
      "amount": 1
    },
    {
      "npcId": 6203,
      "item": 5022,
      "amount": 4
    },
    {
      "npcId": 6203,
      "item": 526,
      "amount": 5
    },
    {
      "npcId": 2882,
      "item": 6155,
      "amount": 6
    },
    {
      "npcId": 2882,
      "item": 6729,
      "amount": 5
    },
    {
      "npcId": 1742,
      "item": 2023,
      "amount": 5
    },
    {
      "npcId": 1742,
      "item": 995,
      "amount": 16526
    },
    {
      "npcId": 6260,
      "item": 532,
      "amount": 2
    },
    {
      "npcId": 50,
      "item": 2025,
      "amount": 4
    },
    {
      "npcId": 50,
      "item": 1748,
      "amount": 3
    },
    {
      "npcId": 6247,
      "item": 5022,
      "amount": 2
    },
    {
      "npcId": 6247,
      "item": 526,
      "amount": 1
    },
    {
      "npcId": 9014,
      "item": 23120,
      "amount": 1
    },
    {
      "npcId": 2883,
      "item": 6155,
      "amount": 1
    },
    {
      "npcId": 2883,
      "item": 6729,
      "amount": 1
    },
    {
      "npcId": 2883,
      "item": 191,
      "amount": 1
    },
    {
      "npcId": 2006,
      "item": 532,
      "amount": 1
    },
    {
      "npcId": 2006,
      "item": 12158,
      "amount": 17
    },
    {
      "npcId": 51,
      "item": 18830,
      "amount": 1
    },
    {
      "npcId": 51,
      "item": 385,
      "amount": 1
    },
    {
      "npcId": 8349,
      "item": 140,
      "amount": 7
    },
    {
      "npcId": 8000,
      "item": 4393,
      "amount": 1
    },
    {
      "npcId": 8000,
      "item": 19160,
      "amount": 1
    },
    {
      "npcId": 8000,
      "item": 19159,
      "amount": 2
    },
    {
      "npcId": 8000,
      "item": 19158,
      "amount": 2
    },
    {
      "npcId": 8000,
      "item": 19898,
      "amount": 2
    },
    {
      "npcId": 1703,
      "item": 2023,
      "amount": 8
    },
    {
      "npcId": 1703,
      "item": 995,
      "amount": 8092
    },
    {
      "npcId": 1712,
      "item": 2023,
      "amount": 7
    },
    {
      "npcId": 1712,
      "item": 995,
      "amount": 6496
    }
  ],
  "holy-prayers-unlocked": [
    true,
    false,
    false,
    false,
    false,
    false
  ],
  "rune-ess": 0,
  "pure-ess": 0,
  "has-bank-pin": false,
  "last-pin-attempt": 0,
  "invalid-pin-attempts": 0,
  "bank-pin": [
    0,
    0,
    0,
    0
  ],
  "appearance": [
    0,
    0,
    18,
    26,
    33,
    36,
    42,
    10,
    0,
    0,
    0,
    0,
    0
  ],
  "agility-obj": [
    false,
    false,
    false,
    false,
    false,
    false,
    false
  ],
  "skills": {
    "level": [
      14688,
      14688,
      14688,
      149650,
      14688,
      149991,
      14688,
      120,
      120,
      120,
      120,
      120,
      120,
      120,
      120,
      120,
      120,
      120,
      120,
      120,
      120,
      120,
      120,
      15000,
      1
    ],
    "maxLevel": [
      120,
      120,
      120,
      1200,
      120,
      1200,
      120,
      120,
      120,
      120,
      120,
      120,
      120,
      120,
      120,
      120,
      120,
      120,
      120,
      120,
      120,
      120,
      120,
      120,
      1
    ],
    "experience": [
      132986769,
      104273167,
      104273167,
      474251255,
      113871030,
      13037178,
      658955700,
      104273167,
      104273167,
      104273167,
      104273167,
      104273167,
      104273167,
      104273167,
      104273167,
      104273167,
      104291316,
      104273167,
      104273167,
      104273167,
      104273167,
      106040667,
      104273167,
      104273167,
      0
    ]
  },
  "inventory": [
    {
      "id": 22121,
      "amount": 69,
      "slot": 0
    },
    {
      "id": 10835,
      "amount": 170000,
      "slot": 0
    },
    {
      "id": 24010,
      "amount": 1,
      "slot": 0
    },
    {
      "id": 23171,
      "amount": 1,
      "slot": 0
    },
    {
      "id": 23057,
      "amount": 1,
      "slot": 0
    },
    {
      "id": 15358,
      "amount": 1,
      "slot": 0
    },
    {
      "id": 23002,
      "amount": 1,
      "slot": 0
    },
    {
      "id": 17544,
      "amount": 1,
      "slot": 0
    },
    {
      "id": 18840,
      "amount": 1,
      "slot": 0
    },
    {
      "id": 18837,
      "amount": 1,
      "slot": 0
    },
    {
      "id": 18836,
      "amount": 1,
      "slot": 0
    },
    {
      "id": 24040,
      "amount": 1,
      "slot": 0
    },
    {
      "id": 24042,
      "amount": 1,
      "slot": 0
    },
    {
      "id": 24042,
      "amount": 1,
      "slot": 0
    },
    {
      "id": 15100,
      "amount": 1,
      "slot": 0
    },
    {
      "id": 24041,
      "amount": 1,
      "slot": 0
    },
    {
      "id": -1,
      "amount": 0,
      "slot": 0
    },
    {
      "id": -1,
      "amount": 0,
      "slot": 0
    },
    {
      "id": -1,
      "amount": 0,
      "slot": 0
    },
    {
      "id": -1,
      "amount": 0,
      "slot": 0
    },
    {
      "id": -1,
      "amount": 0,
      "slot": 0
    },
    {
      "id": -1,
      "amount": 0,
      "slot": 0
    },
    {
      "id": -1,
      "amount": 0,
      "slot": 0
    },
    {
      "id": -1,
      "amount": 0,
      "slot": 0
    },
    {
      "id": -1,
      "amount": 0,
      "slot": 0
    },
    {
      "id": -1,
      "amount": 0,
      "slot": 0
    },
    {
      "id": -1,
      "amount": 0,
      "slot": 0
    },
    {
      "id": -1,
      "amount": 0,
      "slot": 0
    }
  ],
  "equipment": [
    {
      "id": -1,
      "amount": 0,
      "slot": 0
    },
    {
      "id": -1,
      "amount": 0,
      "slot": 0
    },
    {
      "id": -1,
      "amount": 0,
      "slot": 0
    },
    {
      "id": -1,
      "amount": 0,
      "slot": 0
    },
    {
      "id": -1,
      "amount": 0,
      "slot": 0
    },
    {
      "id": -1,
      "amount": 0,
      "slot": 0
    },
    {
      "id": -1,
      "amount": 0,
      "slot": 0
    },
    {
      "id": -1,
      "amount": 0,
      "slot": 0
    },
    {
      "id": -1,
      "amount": 0,
      "slot": 0
    },
    {
      "id": -1,
      "amount": 0,
      "slot": 0
    },
    {
      "id": -1,
      "amount": 0,
      "slot": 0
    },
    {
      "id": -1,
      "amount": 0,
      "slot": 0
    },
    {
      "id": -1,
      "amount": 0,
      "slot": 0
    },
    {
      "id": -1,
      "amount": 0,
      "slot": 0
    }
  ],
  "preset-equipment": [
    {
      "id": -1,
      "amount": 0,
      "slot": 0
    },
    {
      "id": -1,
      "amount": 0,
      "slot": 0
    },
    {
      "id": -1,
      "amount": 0,
      "slot": 0
    },
    {
      "id": -1,
      "amount": 0,
      "slot": 0
    },
    {
      "id": -1,
      "amount": 0,
      "slot": 0
    },
    {
      "id": -1,
      "amount": 0,
      "slot": 0
    },
    {
      "id": -1,
      "amount": 0,
      "slot": 0
    },
    {
      "id": -1,
      "amount": 0,
      "slot": 0
    },
    {
      "id": -1,
      "amount": 0,
      "slot": 0
    },
    {
      "id": -1,
      "amount": 0,
      "slot": 0
    },
    {
      "id": -1,
      "amount": 0,
      "slot": 0
    },
    {
      "id": -1,
      "amount": 0,
      "slot": 0
    },
    {
      "id": -1,
      "amount": 0,
      "slot": 0
    },
    {
      "id": -1,
      "amount": 0,
      "slot": 0
    }
  ],
  "offences": [],
  "bank-0": [
    {
      "id": 6199,
      "amount": 2,
      "slot": 0
    },
    {
      "id": 21063,
      "amount": 2,
      "slot": 0
    },
    {
      "id": 15100,
      "amount": 1,
      "slot": 0
    },
    {
      "id": 21613,
      "amount": 1,
      "slot": 0
    },
    {
      "id": 23069,
      "amount": 1,
      "slot": 0
    },
    {
      "id": 10835,
      "amount": 1005233,
      "slot": 0
    },
    {
      "id": 23074,
      "amount": 0,
      "slot": 0
    },
    {
      "id": 20238,
      "amount": 1,
      "slot": 0
    },
    {
      "id": 4714,
      "amount": 1,
      "slot": 0
    },
    {
      "id": 6733,
      "amount": 2,
      "slot": 0
    },
    {
      "id": 6922,
      "amount": 2,
      "slot": 0
    },
    {
      "id": 4718,
      "amount": 1,
      "slot": 0
    },
    {
      "id": 6731,
      "amount": 1,
      "slot": 0
    },
    {
      "id": 4734,
      "amount": 1,
      "slot": 0
    },
    {
      "id": 6920,
      "amount": 1,
      "slot": 0
    },
    {
      "id": 23045,
      "amount": 1,
      "slot": 0
    },
    {
      "id": 23044,
      "amount": 1,
      "slot": 0
    },
    {
      "id": 23046,
      "amount": 1,
      "slot": 0
    },
    {
      "id": 23047,
      "amount": 1,
      "slot": 0
    },
    {
      "id": 23048,
      "amount": 2,
      "slot": 0
    },
    {
      "id": 23049,
      "amount": 2,
      "slot": 0
    },
    {
      "id": 995,
      "amount": 57382078,
      "slot": 0
    },
    {
      "id": 379,
      "amount": 5,
      "slot": 0
    },
    {
      "id": 15002,
      "amount": 5,
      "slot": 0
    },
    {
      "id": 22016,
      "amount": 526597,
      "slot": 0
    },
    {
      "id": 19886,
      "amount": 1,
      "slot": 0
    },
    {
      "id": 9084,
      "amount": 1,
      "slot": 0
    },
    {
      "id": 23097,
      "amount": 1,
      "slot": 0
    },
    {
      "id": 23087,
      "amount": 1,
      "slot": 0
    },
    {
      "id": 22095,
      "amount": 1,
      "slot": 0
    },
    {
      "id": 22096,
      "amount": 1,
      "slot": 0
    },
    {
      "id": 22097,
      "amount": 1,
      "slot": 0
    },
    {
      "id": 22099,
      "amount": 1,
      "slot": 0
    },
    {
      "id": 22094,
      "amount": 1,
      "slot": 0
    },
    {
      "id": 6629,
      "amount": 1,
      "slot": 0
    },
    {
      "id": 12860,
      "amount": 1,
      "slot": 0
    },
    {
      "id": 16751,
      "amount": 1,
      "slot": 0
    },
    {
      "id": 1765,
      "amount": 1,
      "slot": 0
    },
    {
      "id": 17650,
      "amount": 1,
      "slot": 0
    },
    {
      "id": 175,
      "amount": 48,
      "slot": 0
    },
    {
      "id": 23119,
      "amount": 1,
      "slot": 0
    },
    {
      "id": 23090,
      "amount": 2,
      "slot": 0
    },
    {
      "id": 5022,
      "amount": 2,
      "slot": 0
    },
    {
      "id": 23145,
      "amount": 6,
      "slot": 0
    },
    {
      "id": 10589,
      "amount": 2,
      "slot": 0
    },
    {
      "id": 23146,
      "amount": 3,
      "slot": 0
    },
    {
      "id": 9470,
      "amount": 2,
      "slot": 0
    },
    {
      "id": 18404,
      "amount": 888,
      "slot": 0
    },
    {
      "id": 6809,
      "amount": 1,
      "slot": 0
    },
    {
      "id": 23144,
      "amount": 2,
      "slot": 0
    },
    {
      "id": 13591,
      "amount": 1094,
      "slot": 0
    },
    {
      "id": 2631,
      "amount": 1,
      "slot": 0
    },
    {
      "id": 2643,
      "amount": 1,
      "slot": 0
    },
    {
      "id": 10942,
      "amount": 4,
      "slot": 0
    },
    {
      "id": 15003,
      "amount": 3,
      "slot": 0
    },
    {
      "id": 13101,
      "amount": 1,
      "slot": 0
    },
    {
      "id": 20489,
      "amount": 1,
      "slot": 0
    },
    {
      "id": 20488,
      "amount": 1,
      "slot": 0
    },
    {
      "id": 19115,
      "amount": 4,
      "slot": 0
    },
    {
      "id": 12158,
      "amount": 1,
      "slot": 0
    },
    {
      "id": 2400,
      "amount": 2,
      "slot": 0
    },
    {
      "id": 24000,
      "amount": 2,
      "slot": 0
    },
    {
      "id": 22102,
      "amount": 1,
      "slot": 0
    },
    {
      "id": 22012,
      "amount": 1,
      "slot": 0
    },
    {
      "id": 22103,
      "amount": 1,
      "slot": 0
    },
    {
      "id": 24001,
      "amount": 1,
      "slot": 0
    },
    {
      "id": 20591,
      "amount": 1,
      "slot": 0
    },
    {
      "id": 24004,
      "amount": 1,
      "slot": 0
    },
    {
      "id": 24005,
      "amount": 1,
      "slot": 0
    },
    {
      "id": 8840,
      "amount": 1,
      "slot": 0
    },
    {
      "id": 14022,
      "amount": 2,
      "slot": 0
    },
    {
      "id": 17636,
      "amount": 2,
      "slot": 0
    },
    {
      "id": 24002,
      "amount": 1,
      "slot": 0
    },
    {
      "id": 24003,
      "amount": 1,
      "slot": 0
    },
    {
      "id": 2440,
      "amount": 1,
      "slot": 0
    },
    {
      "id": 1597,
      "amount": 1,
      "slot": 0
    },
    {
      "id": 13744,
      "amount": 13,
      "slot": 0
    },
    {
      "id": 23060,
      "amount": 1,
      "slot": 0
    },
    {
      "id": 23173,
      "amount": 0,
      "slot": 0
    },
    {
      "id": 6769,
      "amount": 0,
      "slot": 0
    },
    {
      "id": 23058,
      "amount": 0,
      "slot": 0
    },
    {
      "id": 23059,
      "amount": 0,
      "slot": 0
    },
    {
      "id": 9719,
      "amount": 1,
      "slot": 0
    },
    {
      "id": 15004,
      "amount": 2,
      "slot": 0
    },
    {
      "id": 10943,
      "amount": 1,
      "slot": 0
    },
    {
      "id": 12852,
      "amount": 2,
      "slot": 0
    },
    {
      "id": 23149,
      "amount": 1,
      "slot": 0
    },
    {
      "id": 24010,
      "amount": 1,
      "slot": 0
    },
    {
      "id": 24011,
      "amount": 2,
      "slot": 0
    },
    {
      "id": 24012,
      "amount": 1,
      "slot": 0
    },
    {
      "id": 24013,
      "amount": 1,
      "slot": 0
    },
    {
      "id": 23118,
      "amount": 1,
      "slot": 0
    },
    {
      "id": 23125,
      "amount": 1,
      "slot": 0
    },
    {
      "id": 17600,
      "amount": 2,
      "slot": 0
    },
    {
      "id": 23021,
      "amount": 1,
      "slot": 0
    },
    {
      "id": 15202,
      "amount": 1,
      "slot": 0
    },
    {
      "id": 4321,
      "amount": 2,
      "slot": 0
    },
    {
      "id": 23086,
      "amount": 898,
      "slot": 0
    },
    {
      "id": 23166,
      "amount": 1,
      "slot": 0
    },
    {
      "id": 23168,
      "amount": 1,
      "slot": 0
    },
    {
      "id": 391,
      "amount": 1,
      "slot": 0
    },
    {
      "id": 17817,
      "amount": 1,
      "slot": 0
    },
    {
      "id": 2026,
      "amount": 1,
      "slot": 0
    },
    {
      "id": 2025,
      "amount": 10,
      "slot": 0
    },
    {
      "id": 12333,
      "amount": 400,
      "slot": 0
    },
    {
      "id": 2023,
      "amount": 8,
      "slot": 0
    },
    {
      "id": 23057,
      "amount": 7,
      "slot": 0
    },
    {
      "id": 4977,
      "amount": 1,
      "slot": 0
    },
    {
      "id": 10638,
      "amount": 1,
      "slot": 0
    },
    {
      "id": 22052,
      "amount": 1,
      "slot": 0
    },
    {
      "id": 19944,
      "amount": 4,
      "slot": 0
    },
    {
      "id": 15432,
      "amount": 1,
      "slot": 0
    },
    {
      "id": 15401,
      "amount": 2,
      "slot": 0
    },
    {
      "id": 2178,
      "amount": 1,
      "slot": 0
    },
    {
      "id": 15005,
      "amount": 2,
      "slot": 0
    },
    {
      "id": 15006,
      "amount": 2,
      "slot": 0
    },
    {
      "id": 15007,
      "amount": 2,
      "slot": 0
    },
    {
      "id": 15201,
      "amount": 1,
      "slot": 0
    },
    {
      "id": 15200,
      "amount": 1,
      "slot": 0
    },
    {
      "id": 4353,
      "amount": 2,
      "slot": 0
    },
    {
      "id": 4413,
      "amount": 1,
      "slot": 0
    },
    {
      "id": 4377,
      "amount": 1,
      "slot": 0
    },
    {
      "id": 4407,
      "amount": 1,
      "slot": 0
    },
    {
      "id": 4383,
      "amount": 1,
      "slot": 0
    },
    {
      "id": 22058,
      "amount": 1,
      "slot": 0
    },
    {
      "id": 4317,
      "amount": 1,
      "slot": 0
    },
    {
      "id": 22059,
      "amount": 1,
      "slot": 0
    },
    {
      "id": 20081,
      "amount": 1,
      "slot": 0
    },
    {
      "id": 20079,
      "amount": 1,
      "slot": 0
    },
    {
      "id": 12855,
      "amount": 1,
      "slot": 0
    },
    {
      "id": 15290,
      "amount": 1,
      "slot": 0
    },
    {
      "id": 19116,
      "amount": 1,
      "slot": 0
    },
    {
      "id": 19114,
      "amount": 1,
      "slot": 0
    },
    {
      "id": 788,
      "amount": 2,
      "slot": 0
    },
    {
      "id": 15008,
      "amount": 2,
      "slot": 0
    },
    {
      "id": 16269,
      "amount": 3,
      "slot": 0
    },
    {
      "id": 19469,
      "amount": 2,
      "slot": 0
    },
    {
      "id": 16021,
      "amount": 2,
      "slot": 0
    },
    {
      "id": 5095,
      "amount": 4,
      "slot": 0
    },
    {
      "id": 671,
      "amount": 2,
      "slot": 0
    },
    {
      "id": 704,
      "amount": 3,
      "slot": 0
    },
    {
      "id": 15933,
      "amount": 4,
      "slot": 0
    },
    {
      "id": 702,
      "amount": 1,
      "slot": 0
    },
    {
      "id": 675,
      "amount": 1,
      "slot": 0
    },
    {
      "id": 4369,
      "amount": 3,
      "slot": 0
    },
    {
      "id": 15922,
      "amount": 2,
      "slot": 0
    },
    {
      "id": 19139,
      "amount": 1,
      "slot": 0
    },
    {
      "id": 15877,
      "amount": 1,
      "slot": 0
    },
    {
      "id": 700,
      "amount": 1,
      "slot": 0
    },
    {
      "id": 14395,
      "amount": 3,
      "slot": 0
    },
    {
      "id": 666,
      "amount": 2,
      "slot": 0
    },
    {
      "id": 19471,
      "amount": 2,
      "slot": 0
    },
    {
      "id": 674,
      "amount": 2,
      "slot": 0
    },
    {
      "id": 19946,
      "amount": 1,
      "slot": 0
    },
    {
      "id": 19470,
      "amount": 3,
      "slot": 0
    },
    {
      "id": 4411,
      "amount": 3,
      "slot": 0
    },
    {
      "id": 703,
      "amount": 4,
      "slot": 0
    },
    {
      "id": 19138,
      "amount": 2,
      "slot": 0
    },
    {
      "id": 22075,
      "amount": 5,
      "slot": 0
    },
    {
      "id": 19140,
      "amount": 1,
      "slot": 0
    },
    {
      "id": 22078,
      "amount": 1,
      "slot": 0
    },
    {
      "id": 15943,
      "amount": 3,
      "slot": 0
    },
    {
      "id": 21072,
      "amount": 1,
      "slot": 0
    },
    {
      "id": 17714,
      "amount": 1,
      "slot": 0
    },
    {
      "id": 15924,
      "amount": 1,
      "slot": 0
    },
    {
      "id": 16023,
      "amount": 1,
      "slot": 0
    },
    {
      "id": 15935,
      "amount": 1,
      "slot": 0
    },
    {
      "id": 15818,
      "amount": 1,
      "slot": 0
    },
    {
      "id": 12994,
      "amount": 1,
      "slot": 0
    },
    {
      "id": 15888,
      "amount": 1,
      "slot": 0
    },
    {
      "id": 16272,
      "amount": 1,
      "slot": 0
    },
    {
      "id": 8809,
      "amount": 1,
      "slot": 0
    },
    {
      "id": 8806,
      "amount": 1,
      "slot": 0
    },
    {
      "id": 8807,
      "amount": 1,
      "slot": 0
    },
    {
      "id": 8808,
      "amount": 1,
      "slot": 0
    },
    {
      "id": 12284,
      "amount": 1,
      "slot": 0
    },
    {
      "id": 20549,
      "amount": 1,
      "slot": 0
    },
    {
      "id": 8800,
      "amount": 1,
      "slot": 0
    },
    {
      "id": 16140,
      "amount": 1,
      "slot": 0
    },
    {
      "id": 20173,
      "amount": 1,
      "slot": 0
    },
    {
      "id": 8801,
      "amount": 1,
      "slot": 0
    },
    {
      "id": 8802,
      "amount": 1,
      "slot": 0
    },
    {
      "id": 8821,
      "amount": 1,
      "slot": 0
    },
    {
      "id": 18817,
      "amount": 1,
      "slot": 0
    },
    {
      "id": 13301,
      "amount": 1,
      "slot": 0
    },
    {
      "id": 13304,
      "amount": 1,
      "slot": 0
    },
    {
      "id": 13300,
      "amount": 1,
      "slot": 0
    },
    {
      "id": 18683,
      "amount": 1,
      "slot": 0
    },
    {
      "id": 15511,
      "amount": 1,
      "slot": 0
    },
    {
      "id": 13306,
      "amount": 1,
      "slot": 0
    },
    {
      "id": 13305,
      "amount": 1,
      "slot": 0
    },
    {
      "id": 13302,
      "amount": 1,
      "slot": 0
    },
    {
      "id": 15230,
      "amount": 1,
      "slot": 0
    },
    {
      "id": 15231,
      "amount": 1,
      "slot": 0
    },
    {
      "id": 15234,
      "amount": 1,
      "slot": 0
    },
    {
      "id": 17662,
      "amount": 1,
      "slot": 0
    },
    {
      "id": 15235,
      "amount": 1,
      "slot": 0
    },
    {
      "id": 15236,
      "amount": 1,
      "slot": 0
    },
    {
      "id": 21031,
      "amount": 1,
      "slot": 0
    },
    {
      "id": 21033,
      "amount": 1,
      "slot": 0
    },
    {
      "id": 21034,
      "amount": 1,
      "slot": 0
    },
    {
      "id": 21035,
      "amount": 1,
      "slot": 0
    },
    {
      "id": 21934,
      "amount": 1,
      "slot": 0
    },
    {
      "id": 19918,
      "amount": 1,
      "slot": 0
    },
    {
      "id": 15232,
      "amount": 1,
      "slot": 0
    },
    {
      "id": 19913,
      "amount": 0,
      "slot": 0
    },
    {
      "id": 3107,
      "amount": 1,
      "slot": 0
    },
    {
      "id": 15448,
      "amount": 1,
      "slot": 0
    },
    {
      "id": 13640,
      "amount": 1,
      "slot": 0
    },
    {
      "id": 13964,
      "amount": 1,
      "slot": 0
    },
    {
      "id": 21216,
      "amount": 1,
      "slot": 0
    },
    {
      "id": 21215,
      "amount": 1,
      "slot": 0
    },
    {
      "id": 21214,
      "amount": 1,
      "slot": 0
    },
    {
      "id": 21213,
      "amount": 1,
      "slot": 0
    },
    {
      "id": 21204,
      "amount": 1,
      "slot": 0
    },
    {
      "id": 21032,
      "amount": 1,
      "slot": 0
    },
    {
      "id": 21024,
      "amount": 1,
      "slot": 0
    },
    {
      "id": 17626,
      "amount": 1,
      "slot": 0
    },
    {
      "id": 17628,
      "amount": 1,
      "slot": 0
    },
    {
      "id": 17630,
      "amount": 1,
      "slot": 0
    },
    {
      "id": 21020,
      "amount": 1,
      "slot": 0
    },
    {
      "id": 21021,
      "amount": 1,
      "slot": 0
    },
    {
      "id": 21022,
      "amount": 1,
      "slot": 0
    },
    {
      "id": 17594,
      "amount": 1,
      "slot": 0
    },
    {
      "id": 17614,
      "amount": 1,
      "slot": 0
    },
    {
      "id": 17616,
      "amount": 1,
      "slot": 0
    },
    {
      "id": 17618,
      "amount": 1,
      "slot": 0
    },
    {
      "id": 17596,
      "amount": 1,
      "slot": 0
    },
    {
      "id": 17598,
      "amount": 1,
      "slot": 0
    },
    {
      "id": 21073,
      "amount": 1,
      "slot": 0
    },
    {
      "id": 678,
      "amount": 2,
      "slot": 0
    },
    {
      "id": 679,
      "amount": 2,
      "slot": 0
    },
    {
      "id": 20086,
      "amount": 1,
      "slot": 0
    },
    {
      "id": 677,
      "amount": 1,
      "slot": 0
    },
    {
      "id": 20092,
      "amount": 1,
      "slot": 0
    },
    {
      "id": 20088,
      "amount": 1,
      "slot": 0
    },
    {
      "id": 20098,
      "amount": 1,
      "slot": 0
    },
    {
      "id": 20089,
      "amount": 1,
      "slot": 0
    },
    {
      "id": 20091,
      "amount": 1,
      "slot": 0
    },
    {
      "id": 20100,
      "amount": 1,
      "slot": 0
    },
    {
      "id": 20099,
      "amount": 1,
      "slot": 0
    },
    {
      "id": 20087,
      "amount": 1,
      "slot": 0
    },
    {
      "id": 20090,
      "amount": 1,
      "slot": 0
    },
    {
      "id": 20093,
      "amount": 1,
      "slot": 0
    },
    {
      "id": 2996,
      "amount": 6,
      "slot": 0
    }
  ],
  "bank-1": [
    {
      "id": 24020,
      "amount": 1,
      "slot": 0
    },
    {
      "id": 24021,
      "amount": 2,
      "slot": 0
    },
    {
      "id": 24022,
      "amount": 1,
      "slot": 0
    },
    {
      "id": 24023,
      "amount": 1,
      "slot": 0
    },
    {
      "id": 22121,
      "amount": 2,
      "slot": 0
    },
    {
      "id": 23002,
      "amount": 98,
      "slot": 0
    },
    {
      "id": 15084,
      "amount": 1,
      "slot": 0
    },
    {
      "id": 299,
      "amount": 1,
      "slot": 0
    },
    {
      "id": 23102,
      "amount": 1,
      "slot": 0
    },
    {
      "id": 23126,
      "amount": 2,
      "slot": 0
    },
    {
      "id": 23120,
      "amount": 2,
      "slot": 0
    },
    {
      "id": 23123,
      "amount": 1,
      "slot": 0
    },
    {
      "id": 23043,
      "amount": 1,
      "slot": 0
    },
    {
      "id": 23042,
      "amount": 1,
      "slot": 0
    },
    {
      "id": 23041,
      "amount": 1,
      "slot": 0
    },
    {
      "id": 23111,
      "amount": 2,
      "slot": 0
    },
    {
      "id": 23112,
      "amount": 1,
      "slot": 0
    },
    {
      "id": 14021,
      "amount": 1,
      "slot": 0
    },
    {
      "id": 24030,
      "amount": 1,
      "slot": 0
    },
    {
      "id": 24031,
      "amount": 1,
      "slot": 0
    },
    {
      "id": 2470,
      "amount": 1,
      "slot": 0
    },
    {
      "id": 2011,
      "amount": 1,
      "slot": 0
    },
    {
      "id": 15272,
      "amount": 252,
      "slot": 0
    },
    {
      "id": 3024,
      "amount": 11,
      "slot": 0
    }
  ],
  "bank-2": [],
  "bank-3": [],
  "bank-4": [],
  "bank-5": [],
  "bank-6": [],
  "bank-7": [],
  "bank-8": [],
  "ge-slots": [
    null,
    null,
    null,
    null,
    null,
    null
  ],
  "charm-imp": [
    0,
    0,
    0,
    0
  ],
  "friends": [],
  "ignores": [],
  "loyalty-titles": [
    false,
    false,
    false,
    false,
    false,
    false,
    false,
    false,
    false,
    false,
    false,
    false
  ],
  "kills": [
    {
      "runningTotal": 0,
      "npcId": 1265,
      "npcName": "Solak Lion",
      "amount": 0,
      "boss": false
    },
    {
      "runningTotal": 8,
      "npcId": 9014,
      "npcName": "Iron",
      "amount": 8,
      "boss": true
    },
    {
      "runningTotal": 4,
      "npcId": 8349,
      "npcName": "Tormented Demon",
      "amount": 4,
      "boss": false
    },
    {
      "runningTotal": 6,
      "npcId": 8549,
      "npcName": "Floreox Bird",
      "amount": 6,
      "boss": false
    },
    {
      "runningTotal": 1,
      "npcId": 1123,
      "npcName": "Supreme Dark beast",
      "amount": 1,
      "boss": false
    },
    {
      "runningTotal": 11,
      "npcId": 408,
      "npcName": "Olm dragon",
      "amount": 11,
      "boss": false
    },
    {
      "runningTotal": 1,
      "npcId": 2000,
      "npcName": "Venenatis",
      "amount": 1,
      "boss": false
    },
    {
      "runningTotal": 3,
      "npcId": 6203,
      "npcName": "K\u0027ril Tsutsuroth",
      "amount": 3,
      "boss": false
    },
    {
      "runningTotal": 5,
      "npcId": 2060,
      "npcName": "Slash Bash",
      "amount": 5,
      "boss": false
    },
    {
      "runningTotal": 5,
      "npcId": 2882,
      "npcName": "Dagannoth Prime",
      "amount": 5,
      "boss": false
    },
    {
      "runningTotal": 5,
      "npcId": 1742,
      "npcName": "Zombiecorn",
      "amount": 5,
      "boss": false
    },
    {
      "runningTotal": 2,
      "npcId": 1121,
      "npcName": "ice demon",
      "amount": 2,
      "boss": false
    },
    {
      "runningTotal": 2,
      "npcId": 6260,
      "npcName": "General Graardor",
      "amount": 2,
      "boss": false
    },
    {
      "runningTotal": 4,
      "npcId": 1122,
      "npcName": "Revenant Hellhound",
      "amount": 4,
      "boss": false
    },
    {
      "runningTotal": 3,
      "npcId": 50,
      "npcName": "King Black Dragon",
      "amount": 3,
      "boss": false
    },
    {
      "runningTotal": 1,
      "npcId": 6247,
      "npcName": "Commander Zilyana",
      "amount": 1,
      "boss": false
    },
    {
      "runningTotal": 1,
      "npcId": 1124,
      "npcName": "Pestilent Bloat",
      "amount": 1,
      "boss": false
    },
    {
      "runningTotal": 1,
      "npcId": 2883,
      "npcName": "Dagannoth Rex",
      "amount": 1,
      "boss": false
    },
    {
      "runningTotal": 1,
      "npcId": 8133,
      "npcName": "Corporeal Beast",
      "amount": 1,
      "boss": false
    },
    {
      "runningTotal": 1,
      "npcId": 2006,
      "npcName": "Vet\u0027ion",
      "amount": 1,
      "boss": false
    },
    {
      "runningTotal": 1,
      "npcId": 51,
      "npcName": "Frost dragon",
      "amount": 1,
      "boss": false
    },
    {
      "runningTotal": 1,
      "npcId": 8000,
      "npcName": "Galvek",
      "amount": 1,
      "boss": false
    },
    {
      "runningTotal": 1,
      "npcId": 6222,
      "npcName": "Kree\u0027arra",
      "amount": 1,
      "boss": false
    },
    {
      "runningTotal": 60,
      "npcId": 9846,
      "npcName": "Zombie",
      "amount": 60,
      "boss": false
    },
    {
      "runningTotal": 4,
      "npcId": 9845,
      "npcName": "Scorpion",
      "amount": 4,
      "boss": false
    },
    {
      "runningTotal": 4,
      "npcId": 1703,
      "npcName": "Creepy Crawlers",
      "amount": 4,
      "boss": false
    },
    {
      "runningTotal": 5,
      "npcId": 1712,
      "npcName": "Bronze Demon",
      "amount": 5,
      "boss": false
    },
    {
      "runningTotal": 25,
      "npcId": 3712,
      "npcName": "Bully dragon",
      "amount": 25,
      "boss": false
    },
    {
      "runningTotal": 16,
      "npcId": 586,
      "npcName": "Gemstone Minion",
      "amount": 16,
      "boss": false
    },
    {
      "runningTotal": 16,
      "npcId": 125,
      "npcName": "Torva Warrior",
      "amount": 16,
      "boss": false
    },
    {
      "runningTotal": 12,
      "npcId": 688,
      "npcName": "Pernix Archer",
      "amount": 12,
      "boss": false
    },
    {
      "runningTotal": 4,
      "npcId": 585,
      "npcName": "Gemstone God",
      "amount": 4,
      "boss": false
    }
  ],
  "drops": [
    {
      "item": 995,
      "amount": 25744858,
      "rareDrop": false
    },
    {
      "item": 592,
      "amount": 11,
      "rareDrop": false
    },
    {
      "item": 532,
      "amount": 4,
      "rareDrop": false
    },
    {
      "item": 5022,
      "amount": 8,
      "rareDrop": false
    },
    {
      "item": 526,
      "amount": 6,
      "rareDrop": false
    },
    {
      "item": 6155,
      "amount": 7,
      "rareDrop": false
    },
    {
      "item": 6729,
      "amount": 6,
      "rareDrop": false
    },
    {
      "item": 2023,
      "amount": 25,
      "rareDrop": false
    },
    {
      "item": 2025,
      "amount": 6,
      "rareDrop": false
    },
    {
      "item": 1748,
      "amount": 3,
      "rareDrop": false
    },
    {
      "item": 23120,
      "amount": 1,
      "rareDrop": false
    },
    {
      "item": 191,
      "amount": 1,
      "rareDrop": false
    },
    {
      "item": 12158,
      "amount": 32,
      "rareDrop": false
    },
    {
      "item": 18830,
      "amount": 1,
      "rareDrop": false
    },
    {
      "item": 385,
      "amount": 1,
      "rareDrop": false
    },
    {
      "item": 140,
      "amount": 7,
      "rareDrop": false
    },
    {
      "item": 4393,
      "amount": 1,
      "rareDrop": false
    },
    {
      "item": 19160,
      "amount": 1,
      "rareDrop": false
    },
    {
      "item": 19159,
      "amount": 2,
      "rareDrop": false
    },
    {
      "item": 19158,
      "amount": 2,
      "rareDrop": false
    },
    {
      "item": 19898,
      "amount": 2,
      "rareDrop": false
    }
  ],
  "achievements-completion": [],
  "achievements-progress": [
    0,
    0,
    0,
    0,
    0,
    0,
    0,
    0,
    0,
    0,
    0,
    0,
    0,
    0,
    0,
    0,
    0,
    0,
    0,
    0,
    0,
    0,
    0,
    0,
    0,
    0,
    0,
    0,
    0,
    0,
    0,
    0,
    0,
    0,
    0,
    0,
    0,
    0,
    0,
    0,
    0,
    0,
    0,
    0,
    0,
    0,
    0,
    0,
    0,
    0,
    0,
    0,
    0
  ],
  "fri13may16": false,
  "spiritdebug": false,
  "reffered": false,
  "indung": false,
  "toggledglobalmessages": false,
  "flying": false,
  "canfly": false,
  "ghostwalking": false,
  "canghostwalk": false,
  "barrowschests": 0,
  "cluesteps": 0,
  "faction": "ROGUE",
  "hween2016": [
    false,
    false,
    false,
    false,
    false,
    false,
    false
  ],
  "donehween2016": false,
  "christmas2016": 0,
  "newYear2017": 0,
  "easter2017": 0,
  "hcimdunginventory": [
    {
      "id": -1,
      "amount": 0,
      "slot": 0
    },
    {
      "id": -1,
      "amount": 0,
      "slot": 0
    },
    {
      "id": -1,
      "amount": 0,
      "slot": 0
    },
    {
      "id": -1,
      "amount": 0,
      "slot": 0
    },
    {
      "id": -1,
      "amount": 0,
      "slot": 0
    },
    {
      "id": -1,
      "amount": 0,
      "slot": 0
    },
    {
      "id": -1,
      "amount": 0,
      "slot": 0
    },
    {
      "id": -1,
      "amount": 0,
      "slot": 0
    },
    {
      "id": -1,
      "amount": 0,
      "slot": 0
    },
    {
      "id": -1,
      "amount": 0,
      "slot": 0
    },
    {
      "id": -1,
      "amount": 0,
      "slot": 0
    },
    {
      "id": -1,
      "amount": 0,
      "slot": 0
    },
    {
      "id": -1,
      "amount": 0,
      "slot": 0
    },
    {
      "id": -1,
      "amount": 0,
      "slot": 0
    },
    {
      "id": -1,
      "amount": 0,
      "slot": 0
    },
    {
      "id": -1,
      "amount": 0,
      "slot": 0
    },
    {
      "id": -1,
      "amount": 0,
      "slot": 0
    },
    {
      "id": -1,
      "amount": 0,
      "slot": 0
    },
    {
      "id": -1,
      "amount": 0,
      "slot": 0
    },
    {
      "id": -1,
      "amount": 0,
      "slot": 0
    },
    {
      "id": -1,
      "amount": 0,
      "slot": 0
    },
    {
      "id": -1,
      "amount": 0,
      "slot": 0
    },
    {
      "id": -1,
      "amount": 0,
      "slot": 0
    },
    {
      "id": -1,
      "amount": 0,
      "slot": 0
    },
    {
      "id": -1,
      "amount": 0,
      "slot": 0
    },
    {
      "id": -1,
      "amount": 0,
      "slot": 0
    },
    {
      "id": -1,
      "amount": 0,
      "slot": 0
    },
    {
      "id": -1,
      "amount": 0,
      "slot": 0
    }
  ],
  "hcimdungequipment": [
    {
      "id": -1,
      "amount": 0,
      "slot": 0
    },
    {
      "id": -1,
      "amount": 0,
      "slot": 0
    },
    {
      "id": -1,
      "amount": 0,
      "slot": 0
    },
    {
      "id": -1,
      "amount": 0,
      "slot": 0
    },
    {
      "id": -1,
      "amount": 0,
      "slot": 0
    },
    {
      "id": -1,
      "amount": 0,
      "slot": 0
    },
    {
      "id": -1,
      "amount": 0,
      "slot": 0
    },
    {
      "id": -1,
      "amount": 0,
      "slot": 0
    },
    {
      "id": -1,
      "amount": 0,
      "slot": 0
    },
    {
      "id": -1,
      "amount": 0,
      "slot": 0
    },
    {
      "id": -1,
      "amount": 0,
      "slot": 0
    },
    {
      "id": -1,
      "amount": 0,
      "slot": 0
    },
    {
      "id": -1,
      "amount": 0,
      "slot": 0
    },
    {
      "id": -1,
      "amount": 0,
      "slot": 0
    },
    {
      "id": -1,
      "amount": 0,
      "slot": 0
    },
    {
      "id": -1,
      "amount": 0,
      "slot": 0
    },
    {
      "id": -1,
      "amount": 0,
      "slot": 0
    },
    {
      "id": -1,
      "amount": 0,
      "slot": 0
    },
    {
      "id": -1,
      "amount": 0,
      "slot": 0
    },
    {
      "id": -1,
      "amount": 0,
      "slot": 0
    },
    {
      "id": -1,
      "amount": 0,
      "slot": 0
    },
    {
      "id": -1,
      "amount": 0,
      "slot": 0
    },
    {
      "id": -1,
      "amount": 0,
      "slot": 0
    },
    {
      "id": -1,
      "amount": 0,
      "slot": 0
    },
    {
      "id": -1,
      "amount": 0,
      "slot": 0
    },
    {
      "id": -1,
      "amount": 0,
      "slot": 0
    },
    {
      "id": -1,
      "amount": 0,
      "slot": 0
    },
    {
      "id": -1,
      "amount": 0,
      "slot": 0
    }
  ],
  "bonecrusheffect": true,
  "p-tps": [
    0,
    0,
    0,
    0
  ],
  "yell-tit": "null",
  "afkstall1": 0,
  "afkstall2": 0,
  "afkstall3": 0,
  "achievements-points": 0,
  "achievements-amount": [
    [
      0,
      0,
      0,
      0,
      0,
      0,
      0,
      0,
      0,
      0,
      0,
      0,
      0,
      2,
      0,
      2,
      214,
      8,
      0,
      0,
      0,
      0,
      0,
      0,
      0,
      0,
      0,
      0,
      0,
      0,
      0,
      0,
      0,
      0,
      0,
      0,
      0,
      0,
      0,
      0,
      0,
      0,
      0,
      0,
      0,
      0,
      0,
      0,
      0,
      0,
      0,
      0,
      0,
      0,
      0,
      0,
      0,
      0,
      0,
      0,
      0,
      0,
      0,
      0,
      0,
      0,
      0,
      0,
      0,
      0,
      0,
      0,
      0,
      0,
      0,
      0,
      0,
      0,
      0,
      0,
      0,
      0,
      0,
      0,
      0,
      0,
      0,
      0,
      0,
      0,
      0,
      0,
      0,
      0,
      0,
      0,
      0,
      0,
      0,
      0
    ],
    [
      0,
      0,
      0,
      0,
      0,
      0,
      0,
      0,
      0,
      0,
      0,
      0,
      0,
      2,
      0,
      2,
      214,
      0,
      0,
      0,
      0,
      0,
      0,
      0,
      0,
      0,
      0,
      0,
      0,
      0,
      0,
      0,
      0,
      0,
      0,
      0,
      0,
      0,
      0,
      0,
      0,
      0,
      0,
      0,
      0,
      0,
      0,
      0,
      0,
      0,
      0,
      0,
      0,
      0,
      0,
      0,
      0,
      0,
      0,
      0,
      0,
      0,
      0,
      0,
      0,
      0,
      0,
      0,
      0,
      0,
      0,
      0,
      0,
      0,
      0,
      0,
      0,
      0,
      0,
      0,
      0,
      0,
      0,
      0,
      0,
      0,
      0,
      0,
      0,
      0,
      0,
      0,
      0,
      0,
      0,
      0,
      0,
      0,
      0,
      0
    ],
    [
      0,
      0,
      0,
      0,
      0,
      0,
      0,
      0,
      0,
      0,
      0,
      0,
      0,
      0,
      2,
      0,
      2,
      214,
      0,
      0,
      0,
      0,
      0,
      0,
      0,
      0,
      0,
      0,
      0,
      0,
      0,
      0,
      0,
      0,
      0,
      0,
      0,
      0,
      0,
      0,
      0,
      0,
      0,
      0,
      0,
      0,
      0,
      0,
      0,
      0,
      0,
      0,
      0,
      0,
      0,
      0,
      0,
      0,
      0,
      0,
      0,
      0,
      0,
      0,
      0,
      0,
      0,
      0,
      0,
      0,
      0,
      0,
      0,
      0,
      0,
      0,
      0,
      0,
      0,
      0,
      0,
      0,
      0,
      0,
      0,
      0,
      0,
      0,
      0,
      0,
      0,
      0,
      0,
      0,
      0,
      0,
      0,
      0,
      0,
      0
    ],
    [
      0,
      0,
      0,
      0,
      0,
      0,
      0,
      0,
      0,
      0,
      0,
      0,
      0,
      0,
      0,
      0,
      0,
      0,
      0,
      0,
      0,
      0,
      0,
      0,
      0,
      0,
      0,
      0,
      0,
      0,
      0,
      0,
      0,
      0,
      0,
      0,
      0,
      0,
      0,
      0,
      0,
      0,
      0,
      0,
      0,
      0,
      0,
      0,
      0,
      0,
      0,
      0,
      0,
      0,
      0,
      0,
      0,
      0,
      0,
      0,
      0,
      0,
      0,
      0,
      0,
      0,
      0,
      0,
      0,
      0,
      0,
      0,
      0,
      0,
      0,
      0,
      0,
      0,
      0,
      0,
      0,
      0,
      0,
      0,
      0,
      0,
      0,
      0,
      0,
      0,
      0,
      0,
      0,
      0,
      0,
      0,
      0,
      0,
      0,
      0
    ]
  ],
  "achievements-completed": [
    [
      false,
      false,
      false,
      false,
      false,
      false,
      false,
      false,
      false,
      false,
      false,
      false,
      false,
      false,
      false,
      false,
      false,
      false,
      false,
      false,
      false,
      false,
      false,
      false,
      false,
      false,
      false,
      false,
      false,
      false,
      false,
      false,
      false,
      false,
      false,
      false,
      false,
      false,
      false,
      false,
      false,
      false,
      false,
      false,
      false,
      false,
      false,
      false,
      false,
      false,
      false,
      false,
      false,
      false,
      false,
      false,
      false,
      false,
      false,
      false,
      false,
      false,
      false,
      false,
      false,
      false,
      false,
      false,
      false,
      false,
      false,
      false,
      false,
      false,
      false,
      false,
      false,
      false,
      false,
      false,
      false,
      false,
      false,
      false,
      false,
      false,
      false,
      false,
      false,
      false,
      false,
      false,
      false,
      false,
      false,
      false,
      false,
      false,
      false,
      false
    ],
    [
      false,
      false,
      false,
      false,
      false,
      false,
      false,
      false,
      false,
      false,
      false,
      false,
      false,
      false,
      false,
      false,
      false,
      false,
      false,
      false,
      false,
      false,
      false,
      false,
      false,
      false,
      false,
      false,
      false,
      false,
      false,
      false,
      false,
      false,
      false,
      false,
      false,
      false,
      false,
      false,
      false,
      false,
      false,
      false,
      false,
      false,
      false,
      false,
      false,
      false,
      false,
      false,
      false,
      false,
      false,
      false,
      false,
      false,
      false,
      false,
      false,
      false,
      false,
      false,
      false,
      false,
      false,
      false,
      false,
      false,
      false,
      false,
      false,
      false,
      false,
      false,
      false,
      false,
      false,
      false,
      false,
      false,
      false,
      false,
      false,
      false,
      false,
      false,
      false,
      false,
      false,
      false,
      false,
      false,
      false,
      false,
      false,
      false,
      false,
      false
    ],
    [
      false,
      false,
      false,
      false,
      false,
      false,
      false,
      false,
      false,
      false,
      false,
      false,
      false,
      false,
      false,
      false,
      false,
      false,
      false,
      false,
      false,
      false,
      false,
      false,
      false,
      false,
      false,
      false,
      false,
      false,
      false,
      false,
      false,
      false,
      false,
      false,
      false,
      false,
      false,
      false,
      false,
      false,
      false,
      false,
      false,
      false,
      false,
      false,
      false,
      false,
      false,
      false,
      false,
      false,
      false,
      false,
      false,
      false,
      false,
      false,
      false,
      false,
      false,
      false,
      false,
      false,
      false,
      false,
      false,
      false,
      false,
      false,
      false,
      false,
      false,
      false,
      false,
      false,
      false,
      false,
      false,
      false,
      false,
      false,
      false,
      false,
      false,
      false,
      false,
      false,
      false,
      false,
      false,
      false,
      false,
      false,
      false,
      false,
      false,
      false
    ],
    [
      false,
      false,
      false,
      false,
      false,
      false,
      false,
      false,
      false,
      false,
      false,
      false,
      false,
      false,
      false,
      false,
      false,
      false,
      false,
      false,
      false,
      false,
      false,
      false,
      false,
      false,
      false,
      false,
      false,
      false,
      false,
      false,
      false,
      false,
      false,
      false,
      false,
      false,
      false,
      false,
      false,
      false,
      false,
      false,
      false,
      false,
      false,
      false,
      false,
      false,
      false,
      false,
      false,
      false,
      false,
      false,
      false,
      false,
      false,
      false,
      false,
      false,
      false,
      false,
      false,
      false,
      false,
      false,
      false,
      false,
      false,
      false,
      false,
      false,
      false,
      false,
      false,
      false,
      false,
      false,
      false,
      false,
      false,
      false,
      false,
      false,
      false,
      false,
      false,
      false,
      false,
      false,
      false,
      false,
      false,
      false,
      false,
      false,
      false,
      false
    ]
  ],
  "achievements-daily": 322,
  "progression-zones": [
    0,
    0,
    0,
    0,
    0
  ],
  "zones-complete": [
    false,
    false,
    false,
    false,
    false
  ],
  "gamble-banned": false,
  "lucifers-unlocked": false,
  "dark-supremes-unlocked": false,
  "currency-pouch": {
    "upgradeTokens": 0,
    "pvmTickets": 0,
    "afkTickets": 0,
    "slayerTickets": 0,
    "voteScrolls": 0,
    "petFragments": 0,
    "instanceTokens": 0,
    "goldCharms": 0,
    "greenCharms": 0,
    "crimsonCharms": 0,
    "blueCharms": 0
  },
  "lastTGloveIndex": -1,
  "group-ironman-locked": false,
  "lastInstanceNpc": -1,
  "daily-task": {
    "EASY_SLAYER_TASKS": {
      "index": 0,
      "deadlineTimestamp": 1649207827985,
      "completedAmount": 0,
      "assignedAmount": 5,
      "title": "Easy Slayer Tasks",
      "itemId": 0,
      "description": "Complete 5 easy slayer tasks.",
      "key": "EASY_SLAYER_TASKS",
      "timespan": "DAILY",
      "claimedReward": false
    }
  },
  "daily-skips": 3,
  "dailies-done": 0,
  "daily-task-info": "Your daily task is: @red@Complete 5 easy slayer tasks. @bla@Progress: @red@0/5@bla@.",
  "level-notifications": true,
  "dailies-received-times": [
    1649121427985,
    -1,
    -1
  ],
  "favorite-teleports": [],
  "obtained-pets": [
    "ODIN_PET",
    "HEIMDALL_PET"
  ]
}